标题,类别,作物,季节,适用地区,视频地址,时长,注意事项,简介,来源
水稻稻瘟病绿色防控技术,病虫害,水稻,"春,夏",长江中下游稻区（湖南、湖北、江西）,https://example.com/video/001,845,施药需避开扬花期；佩戴防护服；残留期14天内禁止采收,讲解稻瘟病识别与生物农药、科学用药综合防控方案,县农技站 张建国
小麦机收减损操作规范,农机操作,小麦,夏,黄淮海冬麦区（河南、山东、河北）,https://example.com/video/002,620,作业前检查拨禾轮间隙；倒伏地块需逆倒伏方向低速作业,联合收割机正确调试与作业要点，降低机收损失,市农机推广中心
秋冬大棚番茄育苗技术,种植,番茄,"秋,冬",华北设施农业区（山东、河北、辽宁）,https://example.com/video/003,910,棚温低于12℃需加盖二膜；苗床控水防猝倒病,从种子处理到分苗的大棚番茄越冬育苗全流程,省农科院 李梅
生猪非洲猪瘟生物安全防控,养殖,生猪,"春,夏,秋,冬",全国适养区,https://example.com/video/004,1200,外来车辆人员必须消毒隔离48小时；餐厨剩余物严禁喂猪,养殖场消毒、人员车辆管理及异常报告流程,动物疫病预防控制中心
果园无人机飞防作业演示,农机操作,柑橘,"春,夏",南方丘陵果区（四川、重庆、广西）,https://example.com/video/005,730,风速超过3级停止作业；远离蜂场与水源；避开高温时段,多旋翼无人机在柑橘园病虫害统防统治中的操作,王鹏飞
玉米密植高产栽培技术,种植,玉米,夏,东北春玉米区（黑龙江、吉林、内蒙古）,https://example.com/video/006,1050,密度不宜超过5500株/亩；大喇叭口期重施穗肥,耐密品种选择、精量播种与肥水管理关键技术,农垦总局
河蟹生态养殖水质管理,养殖,河蟹,"夏,秋",长江中下游淡水养殖区（江苏、安徽）,https://example.com/video/007,680,高温期每3天换水1/3；禁用违禁清塘药物,伊乐藻管护、溶氧监测与蜕壳期管理要点,水产技术推广站
,种植,棉花,春,新疆棉区,https://example.com/video/008,500,这行缺少标题会报错,错误数据,测试员
小麦条锈病防治,病虫害,小麦,春季,全国麦区,not-a-url,400,地址格式错误示例,错误数据,测试员
